Le Pont;46.668677;6.324657
Köndringen;48.13746;7.802924
Vicenza;45.541097;11.540774
Frasne;46.857747;6.15789
Böblingen;48.687762;9.004126
Frinvillier-Taubenloch;47.169448;7.257522
Lupfig;47.445174;8.214963
Faoug;46.90823;7.074591
Bad Zurzach;47.588309;8.29556
Hitzkirch;47.222664;8.251981
Seon;47.34614;8.158789
Solothurn Allmend;47.208874;7.521427
Biel/Bienne Bözingenfeld/Champ;47.158391;7.294584
Stettbach;47.397216;8.596133
Olten Hammer;47.348549;7.897707
Oberhausen Hbf;51.474876;6.851587
Lausen;47.4702;7.759821
Affoltern am Albis;47.276069;8.446579
Morre;47.225882;6.067332
Brig;46.319419;7.988093
Frauenfeld;47.558159;8.896534
Dijon Ville;47.322912;5.02613
Rivera-Bironico;46.123984;8.925282
Brugg AG;47.480852;8.208823
St-Ursanne;47.367696;7.16594
Feldkirch;47.240975;9.604102
Gland;46.419972;6.26914
Cham;47.178239;8.457483
Paris-Gare de Lyon;48.844839;2.374069
Besançon-Mouillère;47.240489;6.034036
Reutlingen;47.529654;8.752131
Luino;45.995483;8.73578
Wien Meidling;48.174451;16.333085
Memmingen;47.985578;10.186855
Itingen;47.467269;7.787202
Dietlikon;47.420193;8.619253
Schwerzenbach ZH;47.38438;8.658662
Kilchberg;47.324431;8.547995
Balerna;45.846757;9.005034
Wiler;47.152107;7.555964
Orschweier;48.274195;7.790277
Siegburg/Bonn;50.793916;7.203029
Wädenswil;47.229298;8.675193
Utrecht Centraal;52.089397;5.109864
Burgdorf;47.060696;7.621684
Cressier NE;47.051941;7.039525
Baden-Baden;48.790329;8.190827
Avenches;46.884597;7.040918
Bruck/Mur;47.413828;15.279433
Bäch;47.200982;8.727159
Vallorbe;46.7124;6.370565
Au ZH;47.246818;8.643704
Biel/Bienne;47.132889;7.242906
Stresa;45.88453;8.531635
Wallisellen;47.412714;8.591908
Ziegelbrücke;47.136152;9.060039
St-Maurice;46.216366;7.002049
Toulon;43.12841;5.929599
Chénens;46.749202;7.00043
Oron;46.572537;6.837105
Etalans;47.155757;6.270488
Vevey-Funi;46.468271;6.835433
Kirchberg in Tirol;47.448922;12.3091
Genève-Aéroport;46.232529;6.111982
Grenchen Süd;47.188765;7.398176
Cornaux;47.038556;7.023362
Fehraltorf;47.385126;8.750262
Sisikon;46.949257;8.620727
Boniswil;47.315037;8.184544
Cham Alpenblick;47.182284;8.471443
Roggwil-Wynau;47.251627;7.814907
Jona;47.23097;8.834598
Blumenau;47.223671;8.842383
Neuenhof;47.450657;8.33123
Oberglatt;47.4702;8.5106
Labergement-Ste-Marie;46.776394;6.280404
Glattbrugg;47.430827;8.558836
Sorvilier;47.23924;7.305767
Birr;47.435843;8.217651
Winterthur Seen;47.487432;8.766793
Schwarzach-St.Veit;47.318534;13.154464
Buttes;46.888481;6.553864
Mellingen Heitersberg;47.428076;8.276341
Corseaux-Cornalles;46.470446;6.824772
Lyon-Perrache;45.748361;4.825302
Zofingen;47.288042;7.943093
Dole Ville;47.096338;5.488103
Steinhausen;47.194582;8.478419
Cottens;46.751207;7.034796
Les Geneveys-sur-Coffrane;47.015085;6.853214
Zell (Wiesental);47.705627;7.849147
Bettlach;47.194941;7.428362
Iselle di Trasquera;46.207009;8.207044
Schaffhausen;47.698283;8.632728
Croy-Romainmôtier;46.696705;6.478121
Leoben Hbf;47.3866;15.089607
Vaumarcus;46.87764;6.757578
Glovelier;47.3352;7.209295
Nottwil;47.138803;8.138591
Ebikon;47.084257;8.342349
Tägertschi;46.882278;7.580837
Aix-en-Provence TGV;43.455168;5.317227
Schinznach Bad;47.451772;8.166925
Tavannes;47.219841;7.201636
Selzach;47.200622;7.456633
Genève-Sécheron;46.222434;6.144559
Corcelles BE;47.285615;7.45035
Friesenheim (Baden);48.381589;7.862945
Palézieux-Village;46.557237;6.828341
Travedona-Biandronno;45.799384;8.700524
Horgen Oberdorf;47.258747;8.589804
Göttingen;51.536812;9.926069
Bellinzona;46.195439;9.029512
Benfeld;48.37367;7.583803
Meggen;47.050143;8.383043
Bern;46.948825;7.439122
Zwingen;47.433793;7.530461
Vevey;46.462994;6.843452
Berlin Hbf;52.525589;13.369549
Hamburg Hbf;53.552733;10.006909
Dulliken;47.354266;7.946491
Bartenheim;47.635107;7.48725
Burier;46.447875;6.877116
Würenlos;47.445758;8.35764
Opfikon;47.429955;8.561767
Schopfheim;47.64797;7.822674
Aix-les-Bains-le-Revard;45.688196;5.908987
Basel Bad Bf;47.568146;7.607283
Malleray-Bévilard;47.238701;7.275932
Cortébert;47.189332;7.107294
Kaiseraugst;47.538491;7.724116
Pratteln;47.522661;7.690802
Lengnau;47.179426;7.366543
Eiken;47.533034;7.989774
Le Valdahon Camp Militaire;47.154067;6.295362
Gordola;46.179043;8.865764
Kempraten;47.238395;8.814292
Saône;47.209764;6.101311
Offenburg;48.476479;7.946725
Mamirolle;47.200083;6.161953
Uelzen;52.969782;10.553057
Kiel Hbf;54.314982;10.131976
Villeneuve;46.398362;6.926998
Le Locle-Col-des-Roches;47.049882;6.726071
Baldegg;47.185682;8.280207
Allaman;46.475741;6.399699
Buchs-Dällikon;47.453399;8.435576
Attnang-Puchheim;48.012798;13.720721
Mendrisio;45.869122;8.978606
Dottikon-Dintikon;47.373647;8.234685
Luterbach-Attisholz;47.217144;7.583516
Beinwil am See;47.267223;8.202216
Tüscherz;47.115;7.197303
Mühlau;47.225019;8.388509
Osnabrück Hbf;52.272849;8.061778
Fribourg/Freiburg;46.803272;7.151027
Mosen;47.244292;8.22415
Mies;46.299876;6.169567
Lörrach, Hauptbahnhof;47.614432;7.663834
Grolley;46.831966;7.066052
Leuk;46.311886;7.64395
Aarburg-Oftringen;47.320269;7.908206
Basel, Riehenring;47.567337;7.597737
Reichenburg;47.172693;8.9823
Hausen-Raitbach;47.679307;7.846037
Efringen-Kirchen;47.65562;7.563919
Courtemaîche;47.455862;7.055373
Saint-Louis (Haut-Rhin);47.590179;7.55538
Domodossola, Stazione;46.114555;8.29601
Valence-Ville;44.927655;4.893476
Yvonand;46.800863;6.746683
Lörrach-Stetten;47.601415;7.659034
Zürich Wipkingen;47.393036;8.529361
Wangen an der Aare;47.23195;7.656221
Salzburg Hbf;47.813111;13.045676
Seuzach;47.535767;8.738872
Konolfingen;46.880696;7.621351
Oberrüti;47.165924;8.40477
Lausanne;46.516777;6.629095
Genthod-Bellevue;46.256728;6.153961
Läufelfingen;47.392128;7.856213
Duisburg Hbf;51.429786;6.775907
Männedorf;47.253425;8.692335
Stainach-Irdning;47.529196;14.106754
La Conversion;46.513082;6.678329
Rolle;46.462734;6.336406
Gossau SG;47.411833;9.253028
Siviriez;46.659256;6.885351
Lugano-Paradiso;45.988948;8.946271
Nebikon;47.19237;7.977441
Oberrieden;47.279673;8.578451
Visp;46.294024;7.881454
Hagen Hbf;51.362745;7.460247
Solothurn West;47.206708;7.531945
Nidfurn-Haslen;46.985897;9.059257
Holderbank AG;47.428634;8.166601
Bowil;46.900041;7.698047
Kollmarsreute;48.098267;7.887073
Thalbrücke;47.308547;7.688222
Uetikon;47.259034;8.67877
Wörgl Hbf;47.491801;12.060584
Ermensee;47.229693;8.242299
Steinen (D);47.641606;7.741564
Charbonnières-les-Bains;45.78208;4.735742
Ötztal;47.238485;10.859113
Wohlen AG;47.348459;8.269779
Schönenwerd SO;47.371426;8.000157
Tenay-Hauteville;45.922545;5.500985
Rorschach;47.478002;9.505131
Pfäffikon SZ;47.202995;8.77811
Bubikon;47.270837;8.822697
Oberbuchsiten;47.305248;7.771714
Grenchen Nord;47.191804;7.389466
Konstanz;47.658757;9.177312
Chur;46.853081;9.528925
Luchsingen-Hätzingen;46.965069;9.039004
Schwyz;47.026393;8.632143
Gerlafingen;47.169744;7.565187
Herzogenbuchsee;47.188082;7.700942
Kempten;47.332036;8.804709
Urdorf Weihermatt;47.380973;8.430327
Zäziwil;46.899744;7.662873
Györ;47.681986;17.634795
Urdorf;47.390879;8.434713
Avoudrey;47.129742;6.43456
Rekingen AG;47.569971;8.327112
Hochdorf Schönau;47.164656;8.298212
Maccagno;46.044987;8.734396
Heerbrugg;47.410386;9.62724
Bevaix;46.929687;6.811675
Bremen Hbf;53.083478;8.813833
Langen am Arlberg;47.13172;10.120371
Diepflingen;47.449552;7.837704
Boncourt;47.492619;7.016539
Zürich Seebach;47.418746;8.544633
Erlenbach ZH;47.305787;8.591503
Diesbach-Betschwanden;46.946174;9.024361
Innsbruck Hbf;47.263277;11.401001
Niederweningen Dorf;47.505905;8.381048
Pieterlen;47.171434;7.340187
Balsthal;47.312889;7.693912
Le Châtelard-Frontière;46.053671;6.950612
Nurieux;46.184014;5.532636
Liezen;47.562708;14.241889
Hamburg-Altona;53.552697;9.935175
Oberdorf SO;47.235986;7.493767
Rixheim;47.74874;7.40615
Le Lieu;46.646905;6.283451
Zürich Oerlikon;47.411527;8.544112
St. Erhard-Knutwil;47.180073;8.074561
Hegyeshalom;47.913503;17.147023
Frenkendorf-Füllinsdorf;47.501455;7.719091
St-Saphorin;46.472586;6.797032
Neyruz;46.766048;7.065027
München Hbf;48.140229;11.558339
Auvernier;46.979631;6.87771
L'Hôpital-du-Gros-Bois;47.169106;6.213083
Grandson;46.806274;6.641932
Travers;46.942407;6.676558
Solliat-Golisse;46.614436;6.239035
Gorgier-St-Aubin;46.89907;6.781022
Calde;45.945683;8.663471
Solingen Hbf;51.160766;7.004188
Zug Schutzengel;47.173727;8.50722
Niederweningen;47.5112;8.369604
Baar Neufeld;47.188487;8.517756
Mettmenstetten;47.244076;8.457366
Berlin Hbf (Tief);52.525589;13.369549
Gallarate;45.660455;8.79883
Lamone-Cadempino;46.039719;8.932122
Egerkingen;47.314857;7.798951
Minden (Westf);52.290135;8.934729
Koblenz;47.600337;8.227027
Landeck-Zams;47.148242;10.578389
Couvet;46.92335;6.635666
Oberentfelden;47.356477;8.048375
Monza;45.574824;9.273686
Aesch;47.467737;7.603058
Colmar;48.072477;7.346542
Les Deurres;46.985519;6.899149
Sonceboz-Sombeval;47.195139;7.168753
Fleurier;46.904859;6.581578
Sissach;47.462748;7.812022
Kitzbühel;47.454109;12.391046
St.Johann in Tirol;47.519622;12.430778
Marseille-Saint-Charles;43.303816;5.38195
Frick;47.507343;8.013074
Hamm (Westf);51.678077;7.807824
Sursee;47.170787;8.097879
Luzern;47.05017;8.310168
Stuttgart Hbf;48.784081;9.181636
Lyss;47.076319;7.306288
Radstadt;47.384236;13.46781
Noiraigue;46.954911;6.721801
Mouchard;46.976818;5.799454
Andelfingen;47.593756;8.677979
Bossière;46.509738;6.699328
Emmendingen;48.119455;7.847511
Langnau;46.939243;7.784182
Haagen, Zentrum;47.637129;7.679224
La Neuveville;47.062827;7.095222
Murgenthal;47.265381;7.832103
Müllheim-Wigoltingen;47.588165;9.015497
Zürich Stadelhofen;47.366608;8.548463
Signau;46.919628;7.725446
Klingnau;47.582088;8.248816
Mendrisio S. Martino;45.877653;8.983028
Küsnacht ZH;47.319154;8.580617
Celle;52.621172;10.062705
Gelfingen;47.213558;8.264808
Le Landeron;47.056624;7.06633
Nice-Ville;43.704825;7.261765
Pougny-Chancy;46.146089;5.961152
Zürich Hardbrücke;47.385198;8.517108
Neumünster;54.075752;9.979815
Bielefeld Hbf;52.029259;8.532723
Koblenz Hbf;50.350928;7.588343
Linthal;46.92557;8.99778
Arth-Goldau;47.049154;8.549488
Frankfurt (Main) Süd;50.099365;8.686456
Otelfingen Golfpark;47.455817;8.4021
Küsnacht Goldbach;47.326858;8.575952
Kirchberg-Alchenflüh;47.083493;7.580136
Rivaz;46.474195;6.78459
Langendorf;47.217935;7.513004
Villette VD;46.495329;6.707283
Zell am See;47.32052;12.796567
Hunzenschwil;47.388281;8.125682
Kreuzlingen;47.652555;9.169069
Hamburg Dammtor;53.560751;9.989569
Meilen;47.269812;8.644297
Nänikon-Greifensee;47.369359;8.686402
Mezzovico;46.094284;8.928581
Bludenz;47.154723;9.814567
Schübelbach-Buttikon;47.176387;8.938765
Sargans;47.045361;9.445398
Wangen bei Olten;47.341402;7.868348
Courchavon;47.439762;7.057638
Domdidier;46.868507;7.011379
Sangiano;45.874372;8.630822
Vufflens-la-Ville;46.576241;6.530762
S. Antonino;46.160444;8.973922
Winterthur Wallrüti;47.516719;8.760869
Tannay;46.307634;6.181127
Seyssel-Corbonod;45.963032;5.831347
Buggingen;47.855253;7.628165
Wetzikon;47.31803;8.792268
Delle;47.505995;7.009438
Rothenburg Dorf;47.090909;8.273177
Porrentruy;47.420912;7.080075
Fulda;50.554722;9.68398
Court;47.240588;7.342092
Virieu-le-Grand-Belley;45.848276;5.653765
Twann;47.09366;7.156492
Birmensdorf ZH;47.35743;8.437545
Bassecourt;47.336683;7.246843
Glanzenberg;47.398879;8.42042
Fahrnau;47.661562;7.839421
Biberist Ost;47.18063;7.566346
Gisikon-Root;47.121328;8.394774
Ligerz;47.083762;7.135143
Lommiswil;47.218583;7.469497
Zürich Wiedikon;47.371471;8.523464
Riehen Niederholz;47.569477;7.633442
Ennenda;47.032955;9.077181
Winkel am Zürichsee;47.297202;8.598973
Berlin Südkreuz;52.475043;13.365315
Worms Hbf;49.634937;8.356444
Münsingen;46.873343;7.559425
Aathal;47.335955;8.765606
Pino-Tronzano;46.10526;8.734531
Rouffach;47.960319;7.312617
S. Nazzaro;46.135167;8.807056
Pratteln Salina Raurica;47.530571;7.709868
Grandvaux;46.496938;6.722646
Ambérieu;45.953818;5.341489
Faido;46.483076;8.790704
Schwanden GL;46.996846;9.077451
Flawil;47.415186;9.189762
Suhr;47.371633;8.082273
St. Gallen;47.423177;9.369879
Flums;47.096617;9.347918
Saalfelden;47.426854;12.829764
Brescia;45.532161;10.21287
Neuhausen;47.683136;8.624916
Benzenschwil;47.246845;8.365595
Riegel a. K., Breite;48.150198;7.741519
Luzern Verkehrshaus;47.053927;8.337279
Rosé;46.782624;7.061971
Jenbach;47.388452;11.778458
Leipzig Hbf;51.346546;12.383333
Venezia Mestre;45.481903;12.231901
Rheinweiler;47.709529;7.531639
Sulgen;47.538796;9.183677
Naumburg (Saale) Hbf;51.163067;11.796985
Milano Centrale;45.486388;9.204711
Emmenbrücke Gersag;47.078315;8.2768
Diepholz;52.604775;8.380338
Schöfflisdorf-Oberweningen;47.497967;8.411791
Waldshut;47.621371;8.21953
St. Margrethen;47.45321;9.638252
Eschenbach;47.132394;8.32278
Cadenazzo;46.152624;8.941687
Singen (Hohentwiel);47.758439;8.840379
Les Tuileries;46.249941;6.147336
Rüti ZH;47.260481;8.854069
Moudon;46.668056;6.802506
Dietikon;47.405774;8.404968
Sion;46.227549;7.35919
Zug Fridbach;47.156575;8.512272
Tecknau;47.445758;7.887603
Como S. Giovanni;45.808975;9.072714
Wynigen;47.105166;7.663493
Denges-Echandens;46.529119;6.540506
Landquart;46.967442;9.554032
Magadino-Vira;46.145325;8.850177
Trey;46.779954;6.916247
Lörrach Schwarzwaldstrasse;47.620895;7.69269
Märstetten;47.582817;9.062178
La Heutte;47.189485;7.225386
Busto Arsizio;45.615905;8.865791
Teningen-Mundingen;48.128776;7.824409
Dornach-Arlesheim;47.48861;7.611104
Kerzers;46.975065;7.1928
Melide;45.955724;8.948348
Feldbach;47.239195;8.783486
Lörrach-Brombach, Bahnhof;47.637076;7.695431
Les Esserts-de-Rive;46.632028;6.260519
Sempach-Neuenkirch;47.116052;8.195969
Erstfeld;46.820343;8.650445
Maroggia-Melano;45.932442;8.97394
St. Pölten Hbf;48.208304;15.624672
Dompierre;46.854403;6.985356
Niederhasli;47.478326;8.488694
Bonn Hbf;50.732008;7.097136
Buchrain;47.093642;8.356633
Môtiers;46.911853;6.610335
Olten;47.351929;7.907685
Zürich Tiefenbrunnen;47.350122;8.561371
Seregno;45.644518;9.202122
Döttingen;47.575266;8.25634
Merlischachen;47.067654;8.40904
Walchwil;47.098685;8.516929
Le Brassus;46.585778;6.214288
St-Imier;47.151703;7.001213
Thayngen;47.745503;8.7043
Tuttlingen;47.98058;8.798543
Muri AG;47.276662;8.339796
Laufen;47.419339;7.502631
Otelfingen;47.454936;8.387511
Oberwinterthur;47.507918;8.760366
Hanau Hbf;50.120957;8.929003
Mainz Hbf;50.001113;8.258723
Erfurt Hbf;50.97255;11.038502
Clarens;46.442733;6.895778
Rottweil;48.1653;8.639299
Cannes;43.554193;7.020324
Knonau;47.220264;8.466706
Kloten Balsberg;47.442288;8.570702
Bonstetten-Wettswil;47.325896;8.468171
St. Anton am Arlberg;47.127567;10.266994
Estavayer-le-Lac;46.844497;6.842957
Ins;46.99983;7.099555
Peschiera del Garda;45.437577;10.701182
Hochdorf;47.166976;8.288684
Duggingen;47.453435;7.603445
Bad Ragaz;47.010303;9.505212
Buchloe;48.033725;10.716221
Root D4;47.10486;8.373802
Schopfheim West;47.64122;7.823204
Lahr (Schwarzw);48.340436;7.834737
Renens VD;46.53703;6.578935
Basel Dreispitz;47.537862;7.608937
Hamburg-Harburg;53.45591;9.991699
Arnex;46.698071;6.518905
Matran;46.788934;7.096327
Gelterkinden;47.465885;7.847655
Baar Lindenpark;47.183138;8.517046
St-Raphaël-Valescure;43.422771;6.770127
Renan BE;47.125715;6.925371
Genève;46.2102;6.142455
Kölliken;47.337294;8.026441
Morteau;47.05373;6.604878
Satigny;46.214218;6.037506
Schänis;47.157654;9.043966
Niederbipp;47.270397;7.694811
Courgenay;47.405217;7.124194
Buchs SG;47.168405;9.478631
Vauderens;46.621447;6.850032
Lüneburg;53.249652;10.419891
Bussigny;46.547583;6.551815
Bulle;46.618193;7.05504
St-Prex;46.482303;6.4559
Uster;47.350365;8.718692
Heidelberg Hbf;49.403564;8.675444
Buix;47.479324;7.029951
Hannover Hbf;52.376764;9.741017
Lutherstadt Wittenberg;51.867813;12.662286
Chexbres-Village;46.481054;6.778541
Colmegna;46.023143;8.755826
Faulensee;46.673764;7.697904
Marthalen;47.63108;8.6561
Sélestat;48.260298;7.443041
Zürich Wollishofen;47.347443;8.533586
Bitterfeld;51.622857;12.316849
Solothurn;47.204182;7.542687
Liestal;47.484457;7.731352
Herblingen;47.716999;8.664127
Dübendorf;47.400075;8.623406
Courtelary;47.175623;7.068793
Baar;47.195364;8.523257
Quartino;46.151302;8.88732
Ostermundigen;46.956799;7.481488
Kemptthal;47.452833;8.705567
Wiesendangen;47.525537;8.776016
Däniken;47.356387;7.978753
Thun;46.754856;7.629594
Amriswil;47.550446;9.302217
Bischofshofen;47.417856;13.219887
Flüelen;46.901722;8.624296
Schallstadt;47.95595;7.753888
Brittnau-Wikon;47.262666;7.957018
Frankfurt (M) Flughafen Fernb.;50.053169;8.570181
Kleinkems;47.68613;7.524663
Eschlikon;47.461489;8.958515
Avignon TGV;43.921933;4.786046
Mägenwil;47.414503;8.235135
Münchenstein;47.513384;7.617585
Waldibrücke;47.10789;8.319687
Interlaken Ost;46.690502;7.869004
Cossonay-Penthalaz;46.606004;6.523679
Sentier-Orient;46.60577;6.231394
Ecublens-Rue;46.610417;6.811055
Düsseldorf Hbf;51.21996;6.794317
Albate-Camerlata;45.783185;9.079833
Sierentz;47.656106;7.45933
Dortmund Hbf;51.517899;7.459294
Regensdorf-Watt;47.436562;8.472064
Pontenet;47.238844;7.254151
Courtételle;47.342823;7.317929
Corcelles-Sud;46.828846;6.957183
Biasca;46.351987;8.974165
Padova;45.417828;11.88062
Yverdon-Champ Pittet;46.782138;6.662319
Corgémont;47.193386;7.144653
La Chaux-de-Fonds;47.09864;6.826022
Busto Arsizio Nord;45.605432;8.852217
La Plaine;46.178657;5.999994
St. Gallen Winkeln;47.403922;9.300842
Wuppertal Hbf;51.254362;7.149544
Därligen;46.659759;7.814736
Thalwil;47.295971;8.564751
Othmarsingen;47.407428;8.214792
Villaz-St-Pierre;46.72058;6.960635
Sommerau;47.439016;7.851466
Hallwil;47.328638;8.175941
Elgg;47.498525;8.863391
Wettingen;47.459637;8.315984
Sierre/Siders;46.292118;7.532826
Frankfurt (Main) Hbf;50.107149;8.663785
Kenzingen;48.194452;7.764091
Aefligen;47.095502;7.559506
Leissigen;46.655112;7.775013
Tatabánya;47.584929;18.393611
Zürich Altstetten;47.391481;8.488936
Bollwiller;47.857024;7.267581
Brunnen;46.999174;8.610048
Chambésy;46.242381;6.147336
Locarno;46.172427;8.801356
Zimeysa;46.221265;6.065741
Giubiasco;46.17382;9.003587
Pont-Céard;46.28739;6.162672
Champ-du-Moulin;46.9599;6.774981
Hinwil;47.300052;8.839695
Worb SBB;46.915224;7.564836
Lenzburg;47.391194;8.170377
Concise;46.85087;6.723158
Wolfsburg;52.429495;10.787784
Mornago-Cimbro;45.729942;8.734198
Verona Porta Nuova;45.42866;10.982742
Etoy;46.475157;6.427143
Trimbach;47.366051;7.904278
Walterswil-Striegel;47.319927;7.963184
Ringsheim;48.248729;7.773035
La Sarraz;46.658779;6.517368
Essen Hbf;51.451351;7.014795
Boudry;46.959442;6.835047
Le Locle;47.057856;6.746153
Klus;47.303477;7.694757
Rümlang;47.454064;8.532741
Hünenberg Zythus;47.173601;8.450076
Habsheim;47.738114;7.418006
Le Day;46.717281;6.400517
Stein-Säckingen;47.541601;7.948819
Koblenz Dorf;47.60938;8.240142
Neuchâtel;46.99672;6.935708
Kölliken Oberdorf;47.324673;8.01907
Arnhem;51.98478;5.901005
Pully;46.510916;6.659461
Lugano;46.005506;8.946874
Glattfelden;47.548559;8.524039
La Presta Mines d'asphalte;46.931117;6.6544
Airolo;46.527528;8.608601
Niederglatt;47.487468;8.503292
Altendorf;47.19397;8.822886
Bad Krozingen;47.919723;7.697634
Sonvilier;47.141329;6.969346
Creux-de-Genthod;46.263757;6.161323
Venezia S. Lucia;45.441397;12.320462
Gümligen;46.934317;7.505498
Leuggelbach;46.975739;9.046924
Kloten;47.448608;8.58379
Mumpf;47.547615;7.909608
Zürich Flughafen;47.450379;8.562387
Ranzo-S. Abbondio;46.117;8.776528
Rapperswil;47.224884;8.816728
Gilley;47.050062;6.492567
Steinen;47.047662;8.607432
Corcelles-Peseux;46.983344;6.883804
Veytaux-Chillon;46.417608;6.927861
Morges-St-Jean;46.518188;6.508046
Corcelles-Nord;46.835256;6.960285
Romont;46.693505;6.911815
Henniez;46.734999;6.870105
Romanshorn;47.56553;9.379363
Amsterdam Centraal;52.379191;4.899427
Effretikon;47.425811;8.686663
Steinhausen Rigiblick;47.187894;8.479695
Rotkreuz;47.141761;8.43047
Laufenburg;47.559768;8.061274
Pfäffikon ZH;47.367084;8.78478
Versoix;46.279713;6.165746
Nyon;46.384411;6.23597
Rothenburg;47.088194;8.249176
Jestetten;47.654398;8.573273
Gänsbrunnen;47.265461;7.465182
Pontarlier, gare;46.89649;6.357279
Bellach;47.208901;7.507863
Berlin Gesundbrunnen;52.548961;13.388516
Istein;47.660888;7.542947
Grandgourt;47.469912;7.048091
Muttenz;47.533583;7.647879
Tenero;46.17747;8.850222
Palézieux;46.542756;6.837879
Amstetten (Württ);48.577851;9.873958
Lachen;47.190069;8.852694
Müllheim (Baden);47.80974;7.599328
Maienfeld;47.003839;9.529195
Walenstadt;47.119872;9.312968
Ballwil;47.153761;8.316883
St. Michaelisdonn;53.989617;9.11801
Grandval;47.28371;7.422303
Hägendorf;47.330265;7.843807
Le Rocheray;46.624495;6.250299
Basel SBB;47.547408;7.589548
Glarus;47.039922;9.071554
Birrwil;47.287845;8.198998
Budapest-Keleti;47.375975;19.117314
Küssnacht am Rigi;47.083592;8.433491
Spiez;46.686394;7.680096
Cormoret;47.172935;7.054123
Altstätten SG;47.374231;9.556513
Mitlödi;47.010132;9.081191
Safenwil;47.321752;7.983509
St-Louis-la-Chaussée;47.609443;7.531252
Siggenthal-Würenlingen;47.517923;8.240151
Léchelles;46.828451;7.011622
Buckten;47.408983;7.84779
Darmstadt Hbf;49.872504;8.629635
Besançon Franche-Comté TGV;47.307558;5.952675
Hedingen;47.298784;8.44595
Reuchenette-Péry;47.189727;7.247014
Oensingen;47.285022;7.70985
Benken SG;47.204461;9.00863
Oberkirch LU;47.155236;8.114221
St.Johann im Pongau;47.348378;13.19496
Bregenz;47.503001;9.739623
Rafz;47.603788;8.543429
Wil SG;47.462406;9.040982
Richterswil;47.208371;8.707464
Coppet;46.317378;6.187833
Küngoldingen;47.301967;7.941691
Aadorf;47.488115;8.903285
Pully-Nord;46.514673;6.657986
Altdorf;46.875743;8.631568
Laveno-Mombello;45.90018;8.623774
Antibes;43.585682;7.119466
Uznach;47.224273;8.980673
Lyon-Part-Dieu;45.760568;4.859991
Villeret;47.160198;7.019676
Dielsdorf;47.482416;8.459425
Moreillon;46.50839;6.785651
Linz/Donau Hbf;48.290178;14.292129
Zürich Enge;47.3641;8.530808
Killwangen-Spreitenbach;47.433326;8.354197
Lutry;46.503778;6.690608
Morges;46.511096;6.49396
Hüttlingen-Mettendorf;47.58234;8.974543
Essert-Pittet;46.727664;6.580661
Roche VD;46.358684;6.927052
Neuchâtel-Serrières;46.983955;6.903356
Zollikon;47.33733;8.569713
Zürich Affoltern;47.420912;8.508569
Berlin Ostbahnhof;52.510973;13.434559
Hendschiken;47.389423;8.207376
Prilly-Malley;46.526692;6.602631
Bülach;47.523946;8.536184
Im Holz;47.230907;7.475007
Netstal;47.064526;9.059428
Le Séchey;46.658456;6.306014
Stäfa;47.240525;8.721631
Territet;46.426381;6.922701
Emmenbrücke;47.070602;8.282553
Varzo;46.206307;8.245194
Flamatt;46.888481;7.319566
Eclépens;46.657188;6.552417
Baden;47.47642;8.307696
Bretonnières;46.715043;6.474732
Langenthal;47.217297;7.784712
Münster (Westf) Hbf;51.956563;7.635716
Wels Hbf;48.166082;14.02657
Bourg-en-Bresse;46.199925;5.214768
Winterthur Grüze;47.49875;8.751035
Bochum Hbf;51.478607;7.223273
Crémines-Zoo;47.272554;7.456624
Vernier;46.220708;6.093895
Rothrist;47.306452;7.879387
Herbolzheim (Breisgau);48.223864;7.767642
Heitersheim;47.879856;7.646198
Chambrelien;46.9671;6.81225
Reiden;47.24146;7.968757
Linthal Braunwaldbahn;46.928393;9.002481
Bad Bellingen;47.730806;7.5576
Bassersdorf;47.438567;8.626202
Zug Casino;47.162319;8.515185
Besançon-Viotte;47.24733;6.022
Näfels-Mollis;47.098721;9.069945
Horgen;47.261479;8.596906
Chiasso;45.832176;9.031444
Rüschlikon;47.307135;8.555151
Kassel-Wilhelmshöhe;51.313115;9.446899
Reconvilier;47.235222;7.227408
Capolago-Riva S. Vitale;45.90285;8.978893
Cousset;46.818599;6.977481
Rheinfelden Augarten;47.545871;7.768019
Lavorgo;46.440899;8.83974
Frutigen;46.588771;7.6516
Sins;47.188307;8.397804
Selzthal;47.55024;14.312841
Aarau;47.391355;8.051251
Deitingen;47.218214;7.618897
Hünenberg Chämleten;47.169151;8.449896
Denzlingen;48.068621;7.881436
Châtillens;46.570532;6.815486
Düsseldorf Flughafen;51.292009;6.786838
Granges-Marnand;46.758838;6.894286
Freienbach SBB;47.20731;8.756195
Herrliberg-Feldmeilen;47.281822;8.612718
Immensee;47.09161;8.462661
Rüti GL;46.934551;9.013025
Aigle;46.316848;6.963683
St-Blaise CFF;47.014564;6.98211
Braunschweig Hbf;52.252218;10.540293
Gütersloh Hbf;51.906943;8.385075
Riazzino;46.17551;8.885316
Erstein;48.423173;7.638521
Epesses;46.489315;6.745164
Bex;46.25146;7.000673
Maulburg;47.644375;7.780658
Crémines;47.28557;7.435311
Puidoux-Chexbres;46.493836;6.765686
Möhlin;47.561854;7.833856
Wien Hbf;48.184923;16.375865
Grellingen;47.44129;7.591984
Lindau Hbf;47.544343;9.680465
Belfort-Montbéliard TGV;47.585936;6.89763
Basel St. Johann;47.570295;7.572513
Imst-Pitztal;47.219077;10.76167
Steinmaur;47.489985;8.44684
Siebnen-Wangen;47.182671;8.900696
Rümlingen;47.425371;7.850522
Freiburg (Breisgau) Hbf;47.997696;7.841174
Wauwil;47.183848;8.019007
Les Hauts-Geneveys;47.047167;6.874671
Courfaivre;47.335074;7.291151
Boswil-Bünzen;47.305176;8.315274
Uzwil;47.436445;9.130973
Schladming;47.393827;13.678148
Porto Valtravaglia;45.958142;8.673728
Bodio TI;46.380258;8.906557
Ambrì-Piotta;46.510619;8.690151
Göschenen;46.665818;8.588797
Mosonmagyaróvár;47.850354;17.266426
Zürich HB;47.378177;8.540193
Walchwil Hörndli;47.108411;8.505027
Köln Hbf;50.943029;6.95873
Cully;46.488551;6.727149
Culoz;45.842945;5.778931
Payerne;46.819641;6.939879
Biel Mett;47.144718;7.272471
Lottstetten;47.62574;8.56681
La Tour-de-Peilz;46.455443;6.859534
Weinfelden;47.566223;9.106342
Chalon-sur-Saône;46.781743;4.843397
Mannheim Hbf;49.479352;8.468917
Zug;47.173628;8.515293
Mulhouse Ville;47.741953;7.343045
Interlaken West;46.682628;7.851439
Hüntwangen-Wil;47.58127;8.512821
Yverdon-les-Bains;46.781878;6.641141
Schlieren;47.399176;8.447226
Rietheim;47.60075;8.277312
Meyrin;46.222335;6.076915
Utzenstorf;47.129482;7.553654
Cugy FR;46.816028;6.889162
Wildegg;47.415276;8.162996
Halle (Saale) Hbf;51.47751;11.987088
Horb;48.441475;8.688982
Meggen Zentrum;47.045046;8.374126
Bilten;47.152188;9.029898
Haltingen;47.612841;7.611679
Felben-Wellhausen;47.577099;8.943161
Gundelfingen (Breisgau);48.044026;7.874182
Zug Chollermüli;47.180468;8.485763
Bern Wankdorf;46.96782;7.46546
Bellegarde (Ain);46.110914;5.825963
Rickenbach-Attikon;47.535354;8.789158
Le Crêt-du-Locle;47.077596;6.785175
Strasbourg Ville;48.585339;7.734067
Taverne-Torricella;46.056682;8.930325
Neuhausen Rheinfall;47.679648;8.617455
Lonay-Préverenges;46.523123;6.519544
Belfaux CFF;46.816918;7.106225
Preglia;46.145459;8.292828
Lörrach Museum/Burghof;47.604732;7.680644
Winterthur;47.500332;8.723797
Eglisau;47.572371;8.516533
Schliengen;47.761594;7.568935
Delémont;47.361997;7.350057
Düdingen;46.851041;7.189752
Besnate;45.696152;8.760572
Hildesheim;52.160627;9.953495
Turgi;47.491756;8.253437
Graz Hbf;47.072301;15.416437
Montreux;46.435874;6.91043
Stabio;45.849723;8.943943
Dagmersellen;47.217549;7.979014
Russin;46.187772;6.01755
Oberrieden Dorf;47.276725;8.577633
Zug Postplatz;47.16827;8.51692
Karlsruhe Hbf;48.993512;8.402181
Berlin-Spandau;52.534471;13.197531
Herford;52.119609;8.663642
Nieder- und Oberurnen;47.122362;9.062376
Besozzo;45.842568;8.663264
Illnau;47.408821;8.722701
Zug Oberwil;47.147676;8.509917
Bavois;46.687671;6.55933
Burgdorf Buchmatt;47.065389;7.608209
Colombier;46.96764;6.848872
Rupperswil;47.403284;8.126941
Chez-le-Maître-Ecoles;46.599334;6.221956
Ternate-Varano Borghi;45.782358;8.69994
Martigny;46.105826;7.079122
Uerikon;47.23586;8.752608
Baldegg Kloster;47.180612;8.280575
Moutier;47.280671;7.381043
Rheinfelden;47.551211;7.792155
Lancy-Pont-Rouge;46.188895;6.125331
Le Valdahon;47.149878;6.342312
Ependes;46.746406;6.607656
Weil am Rhein;47.593963;7.608416
Budapest-Kelenföld;47.471189;19.049877
Villars-sur-Glâne;46.789824;7.116391
Schmerikon;47.225154;8.943368
Murten/Morat;46.925391;7.115376
Emmenmatt;46.948151;7.74729
Bôle;46.968961;6.837681
Cheyres;46.816936;6.786397
Eimeldingen;47.627951;7.595597
Lucens;46.707771;6.842139
Islikon;47.54784;8.846177
Auggen;47.789946;7.586788
Gerra (Gambarogno);46.122043;8.78496
Weimar;50.99149;11.326462
Chavornay;46.710081;6.568157
Castione-Arbedo;46.225257;9.041395
